iata,long,lat
MAG,145.789001465,-5.20707988739
HGU,144.296005249023,-5.82678985595703
LAE,146.725977,-6.569803
POM,147.220001220703,-9.44338035583496
WWK,143.669006348,-3.58383011818
UAK,-45.4259986877,61.1604995728
GOH,-51.6781005859,64.19090271
KEF,-22.605600357056,63.985000610352
YAM,-84.5093994140625,46.4850006103515
YBC,-68.2043991088867,49.1324996948242
YBG,-70.9963989257812,48.3306007385253
YBL,-125.271003723144,49.9508018493652
YCB,-105.138000488,69.1081008911
YCL,-66.330299,47.990799
YCY,-68.5167007446,70.4860992432
YZS,-83.3593978882,64.1932983398
YEG,-113.580001831,53.3097000122
YEV,-133.483001709,68.3041992188
YFB,-68.5558013916,63.756401062
YGL,-77.7042007446289,53.6253013610839
YGR,-61.7780990600585,47.4247016906738
YHD,-92.7442016601562,49.8316993713378
YHI,-117.805999755859,70.7628021240234
YHK,-95.8497009277,68.635597229
YHU,-73.4169006348,45.5175018311
YHY,-115.782997131,60.8396987915
YHZ,-63.5085983276,44.8807983398
YIO,-77.9666976929,72.6832962036
YKL,-66.8052978515625,54.8053016662597
YMM,-111.222000122,56.653301239
YMO,-80.6078033447265,51.2910995483398
YNA,-61.7891998291015,50.1899986267089
YOW,-75.6691970825195,45.3224983215332
YPY,-111.116996765136,58.7672004699707
YQB,-71.393303,46.7911
YQF,-113.893997192382,52.182201385498
YQR,-104.66600036621,50.431900024414
YQT,-89.3238983154296,48.371898651123
YQX,-54.5680999755859,48.9369010925293
YRT,-92.1157989502,62.8114013672
YSB,-80.7988967895507,46.625
YSJ,-65.8902969360351,45.3161010742187
YSM,-111.961997985839,60.0203018188476
YSY,-125.242996216,71.9938964844
YTE,-76.5267028809,64.2300033569
YTH,-97.8641967773437,55.8011016845703
YTZ,-79.396202,43.627499
YUL,-73.7407989502,45.4706001282
YUT,-86.2247009277,66.5214004517
YUX,-81.2425,68.7761001586999
YUY,-78.8356018066406,48.2061004638671
YVO,-77.7827987671,48.0532989502
YVP,-68.4269027709961,58.0960998535156
YVQ,-126.797996520996,65.2816009521484
YVR,-123.183998108,49.193901062
YWG,-97.2398986816,49.9099998473999
YWK,-66.8644027709961,52.9219017028808
YXE,-106.699996948242,52.170799255371
YXJ,-120.739997863769,56.2380981445312
YXL,-91.9052963256836,50.113899230957
YXT,-128.576009,54.468498
YXU,-81.1539,43.035599
YYB,-79.4227981567382,46.3636016845703
YYC,-114.019996643,51.113899231
YYG,-63.1211013793945,46.2900009155273
YYJ,-123.426002502,48.646900177
YYQ,-94.0650024414062,58.739200592041
YYR,-60.4258003235,53.3191986084
YYT,-52.7518997192,47.618598938
YYU,-82.4674987792968,49.4138984680175
YYY,-68.2080993652343,48.608600616455
YYZ,-79.6305999755999,43.6772003174
YZF,-114.440002441406,62.4627990722656
YZV,-66.2656021118164,50.2233009338378
ALG,3.21540999412536,36.6910018920898
DJG,9.45244026184,24.2928009032999
AAE,7.8091697692871,36.8222007751464
CZL,6.62038993835449,36.2760009765625
TID,1.46315002441,35.3410987854
TLM,-1.45000004768,35.0167007446
ORN,-0.621182978152999,35.6239013672
AZR,-0.186414003372192,27.8376007080078
HME,6.14043998718,31.6730003356999
OGX,5.41277980804443,31.9172000885009
COO,2.38435006141662,6.3572301864624
OUA,-1.51242005825042,12.3531999588012
ACC,-0.16678600013256,5.60518980026245
ABJ,-3.9262900352478,5.26139020919799
ABV,7.26316976547241,9.00679016113281
CBQ,8.34720039367675,4.97601985931396
KAN,8.52462005615234,12.0475997924804
LOS,3.3211600780487,6.57737016677856
NIM,2.18360996246337,13.481499671936
MIR,10.7546997070312,35.7580986022949
TUN,10.2271995544433,36.8510017395019
DJE,10.7755002975463,33.875
SFA,10.6909999847412,34.7179985046386
LFW,1.25451004505157,6.16560983657836
ANR,4.46027994156,51.1893997192
BRU,4.48443984985,50.9014015198
CRL,4.45382022858,50.4592018126999
SXF,13.522500038147,52.380001068115
DRS,13.7672004699707,51.1328010559082
ERF,10.9581003189086,50.9798011779785
FRA,8.5705556,50.0333333
FMO,7.68483018875,52.134601593
HAM,9.9882297515869,53.630401611328
CGN,7.1427397728,50.8658981323
DUS,6.76677989959716,51.2895011901855
MUC,11.786100387573,48.353801727295
NUE,11.0780556,49.498699
LEJ,12.2363889,51.4238889
SCN,7.10950994492,49.2145996094
STR,9.22196006775,48.6898994445999
TXL,13.2876996994,52.5597000122
HAJ,9.68507957458,52.461101532
BRE,8.78666973114,53.0475006104
HHN,7.26388978957999,49.9486999512
XFW,9.83555603027343,53.5352783203125
PAD,8.61631965636999,51.6141014098999
DTM,7.61223983765,51.5182991027999
FDH,9.51148986816,47.6712989806999
GWT,8.34047031403,54.9132003784
URE,22.50950050354,58.2299003601074
TLL,24.8327999114999,59.4132995604999
HEL,24.963300704956,60.317199707031
KAJ,27.692399978638,64.285499572754
MHQ,19.898199081421,60.122200012207
VAA,21.762199401855,63.050701141357
BFS,-6.21582984923999,54.6575012207
BHD,-5.87249994277954,54.6180992126464
BHX,-1.74802994728,52.4538993834999
MAN,-2.27495002746582,53.3536987304687
CWL,-3.34332990646362,51.3967018127441
BRS,-2.71909,51.382702
LPL,-2.8497200012207,53.3335990905761
LTN,-0.368333011865615,51.874698638916
BOH,-1.84249997138977,50.7799987792968
SOU,-1.35679996013641,50.9502983093261
GCI,-2.60196995735168,49.435001373291
JER,-2.19550991058349,49.2079010009765
LGW,-0.190277993679046,51.1481018066406
LCY,0.055278,51.505299
LHR,-0.461941,51.4706
SEN,0.695555984973907,51.5713996887207
BLK,-3.0286099910736,53.7717018127441
HUY,-0.350832998752594,53.5744018554687
LBA,-1.66057002544403,53.8658981323242
IOM,-4.6238899230957,54.0833015441894
NCL,-1.6916699409484801,55.037498474121
EMA,-1.32806003094,52.8311004639
KOI,-2.90499997138977,58.9578018188476
WIC,-3.09306001663208,58.4589004516601
ABZ,-2.19777989387512,57.2019004821777
INV,-4.0475001335144,57.5424995422363
GLA,-4.43306016922,55.8718986511
EDI,-3.37249994277954,55.9500007629394
PIK,-4.586669921875,55.5093994140625
SYY,-6.33111000061035,58.2155990600585
NWI,1.28278005123,52.6758003235
STN,0.234999999404,51.8849983215
EXT,-3.41388988494873,50.7344017028808
AMS,4.76388978957999,52.3086013794
MST,5.77014017105,50.9117012024
EIN,5.37452983856,51.4500999451
GRQ,6.57944011688,53.1197013855
RTM,4.43722,51.956902
ORK,-8.49110984802246,51.8413009643554
DUB,-6.27007007598876,53.4212989807128
NOC,-8.81849002838134,53.910301208496
KIR,-9.52377986907959,52.1809005737304
SNN,-8.9248199462891,52.701999664307
BLL,9.15178012848,55.7402992249
CPH,12.656000137329,55.617900848389
FAE,-7.27721977233886,62.0635986328125
AAL,9.84924316406,57.0927589138
LUX,6.2044444,49.6233333
AES,6.11969995498657,62.5625
ALF,23.371700286865,69.976097106934
BOO,14.3653001785278,67.2692031860351
BGO,5.218140125,60.29339981
KRS,8.08537006378173,58.2042007446289
EVE,16.678100585938,68.491302490234
FRO,5.0247201919556,61.583599090576
OSL,11.100399971008,60.193901062012
HAU,5.2083601951599,59.34529876709
HAA,22.139699935913,70.486701965332
KSU,7.824520111084,63.111801147461
KKN,29.891300201416,69.725799560547
MJF,13.214900016785,65.783996582031
RYG,10.785439,59.378817
SRP,5.3408498764038,59.7919006347656
SSJ,12.468899726868,65.956802368164
TOS,18.9188995361328,69.6832962036132
TRF,10.258600235,59.1866989136
TRD,10.9239998,63.4578018
SVG,5.6377801895,58.876701354
GDN,18.4661998748779,54.3776016235351
KRK,19.7847995758056,50.0777015686035
KTW,19.08,50.4743
RZE,22.0189990997,50.1100006104
WAW,20.9671001433999,52.1656990051
WRO,16.885799408,51.1026992798
GOT,12.279800415039,57.662799835205
GSE,11.8704004287719,57.7747001647949
NYO,16.9122009277343,58.7886009216308
KLR,16.2875995635986,56.6855010986328
MMX,13.3761978149,55.536305364
VXO,14.7279996871948,56.929100036621
GEV,20.8145999908447,67.1324005126953
LYC,18.7161998748779,64.5483016967773
SFT,21.0769004821777,64.6248016357421
AJR,19.2819004058837,65.5903015136718
VST,16.6336002349853,59.5894012451171
LLA,22.121999740601,65.543800354004
ARN,17.918600082397,59.651901245117
BMA,17.9416999816894,59.3544006347656
LPI,15.6805000305,58.4062004089
CPT,18.6016998291,-33.9648017883
DUR,31.1197222222,-29.6144444444
ELS,27.8258991240999,-33.0355987549
GRJ,22.378900528,-34.0055999756
JNB,28.246,-26.1392
HLA,27.9260997772,-25.9384994506999
PHW,31.1553993225,-23.9372005462999
RCB,32.0920982361,-28.7409992218
FRW,27.4745006561279,-21.1595993041992
GBE,25.9181995391845,-24.5552005767822
BZV,15.2530002593994,-4.25169992446899
PNR,11.8865995407104,-4.81603002548217
SSG,8.70872020721435,3.75527000427246
MRU,57.6836013793945,-20.4302005767822
DLA,9.71947956084999,4.0060801506
LVI,25.8227005004882,-17.8218002319335
LUN,28.4526004791,-15.3308000565
NLA,28.66489982605,-12.998100280762
HAH,43.2719,-11.5337
DZA,45.2811012268066,-12.8046998977661
RUN,55.5102996826171,-20.8871002197265
TNR,47.4788017273,-18.7968997955
WMN,49.6883010864257,-15.4366998672485
SVB,50.1747016906738,-14.2785997390747
LAD,13.2312002181999,-8.85836982727
LUO,19.8976993560791,-11.768099784851
LBV,9.41228008269999,0.458600014448
TMS,6.71215009689331,0.378174990415573
INH,35.4085006713867,-23.8763999938964
VXC,35.266300201416,-13.2740001678466
MPM,32.5726013183593,-25.920799255371
APL,39.2817993164062,-15.1056003570556
UEL,36.86909866333,-17.8554992675781
TET,33.6402015686035,-16.1047992706298
SEZ,55.521800994873,-4.67433977127075
VFA,25.8390007019042,-18.0958995819091
HRE,31.0928001403808,-17.9318008422851
FIH,15.4446001053,-4.38574981689
FBM,27.5308990479,-11.5913000107
BKO,-7.94994020462036,12.5334997177124
BJL,-16.6522006988525,13.3380002975463
FUE,-13.8638000488281,28.4526996612548
LPA,-15.3865995407104,27.931900024414
ACE,-13.6051998138427,28.945499420166
TFS,-16.5725002289,28.044500351
TFN,-16.3414993286,28.4827003479
FNA,-13.1955003738403,8.61643981933593
AGA,-9.41306972503662,30.3250007629394
FEZ,-4.97796010970999,33.9272994995
RBA,-6.75152015686035,34.0514984130859
CMN,-7.58997011184692,33.3675003051757
RAK,-8.03629970551,31.6068992614999
OZZ,-6.90943002701,30.9391002655
DKR,-17.4902000427246,14.7397003173828
NKC,-15.9484996795654,18.0981998443603
NDB,-17.0300006866455,20.9330997467041
VXE,-25.0552997589111,16.8332004547119
ADD,38.7993011474999,8.97789001465
GDQ,37.4339981079101,12.5199003219604
LLI,38.9799995422363,11.9750003814697
BJM,29.3185005187988,-3.32401990890502
HGA,44.0887985229492,9.51817035675048
BBO,44.9411010742187,10.3892002105712
CAI,31.4055995941162,30.1219005584716
HRG,33.7994003295898,27.1783008575439
ASW,32.8199996948,23.9643993378
EDL,35.238899230957,0.404457986354827
KIS,34.7289009094238,-0.0861390009522438
LOK,35.6086997985839,3.12196993827819
WIL,36.8148002624511,-1.32172000408172
BEN,20.2695007324,32.0968017577999
TIP,13.1590003967,32.6635017395
KGL,30.1394996643,-1.96862995624999
JUB,31.6011009216,4.87201023102
KRT,32.5531997680664,15.589500427246
ARK,36.63330078125,-3.36778998374938
DAR,39.2025985717999,-6.87810993195
JRO,37.0745010376,-3.42940998077
MWZ,32.9327011108398,-2.44448995590209
ZNZ,39.224899292,-6.22202014922999
EBB,32.4435005187988,0.0423859991133213
TIA,19.7206001282,41.4146995544
PDV,24.8508,42.067799
SOF,23.4114360809326,42.6966934204101
VAR,27.8251,43.232101
LCA,33.624900817871,34.8750991821289
PFO,32.4856986999511,34.7179985046386
DBV,18.2681999206542,42.5614013671875
PUY,13.9222002029418,44.8935012817382
RJK,14.5703001022338,45.2168998718261
SPU,16.2980003356933,43.5388984680175
ZAG,16.0687999725,45.7429008484
ZAD,15.3466997146606,44.108299255371
ALC,-0.558156013488769,38.2821998596191
LEI,-2.3701000213623,36.8438987731933
OVD,-6.03461980819702,43.5635986328125
BIO,-2.91060996055603,43.3011016845703
BCN,2.0784599781036,41.297100067139
LCG,-8.37726020812988,43.3021011352539
GRO,2.7605500221,41.901000977
GRX,-3.77735996246337,37.1887016296386
IBZ,1.37311995028999,38.8728981018
XRY,-6.06011009216308,36.7445983886718
MJV,-0.812389016151428,37.7750015258789
MAD,-3.56264,40.471926
AGP,-4.49911022186279,36.6749000549316
MAH,4.21864986419677,39.8625984191894
REU,1.16717004776,41.1473999023437
SCQ,-8.41514015197753,42.8963012695312
VLC,-0.481624990701675,39.4892997741699
VGO,-8.62677001953125,42.2318000793457
SDR,-3.82000994682312,43.4271011352539
ZAZ,-1.04155004024505,41.6661987304687
SVQ,-5.89310979843139,37.4179992675781
AGF,0.590556025505065,44.1747016906738
BOD,-0.715556025505,44.8283004761
LIG,1.17944002151489,45.8628005981445
TLS,1.36382,43.629101
PUF,-0.418610990047454,43.3800010681152
BVE,5.980003,48.780001
BIQ,-1.5311111,43.4683333
DCM,2.28918004035949,43.5563011169433
RDZ,2.48267006874084,44.407901763916
ETZ,6.25131988525,48.9821014404
BIA,9.48373031616211,42.5527000427246
CLY,8.7930556,42.5244444
FSC,9.09778022766113,41.5005989074707
AJA,8.8029203414917,41.923599243164
LYS,5.0811111,45.7255556
EBU,4.2963900566101,45.540599822998
MRS,5.22142410278,43.439271922
NCE,7.21586990356,43.6584014893
PGF,2.87067008018493,42.7403984069824
MPL,3.96301007270813,43.5761985778808
BZR,3.35389995574951,43.323501586914
BVA,2.11278009414672,49.4543991088867
XCR,4.18449020385742,48.7761001586914
CDG,2.54999995232,49.0127983093
ORY,2.3794444,48.7233333
LIL,3.086886,50.563332
LRT,-3.44000005722045,47.7606010437011
CFR,-0.449999988079071,49.1733016967773
RNS,-1.73478996754,48.0694999694999
NTE,-1.61073005199,47.1531982422
BSL,7.5291667,47.59
SXB,7.62823009490966,48.5382995605468
TLN,6.14602994919,43.0973014832
FSP,-56.1730995178222,46.7629013061523
HER,25.1802997589,35.3396987915
KSO,21.2821998596,40.4463005066
KGS,27.0916996002197,36.7933006286621
AOK,27.1459999084472,35.4213981628418
CFU,19.9116992950439,39.6018981933593
KSJ,26.9099998473999,35.4213981628
KVA,24.6191997528076,40.9132995605468
LRS,26.8003005981,37.1848983764999
JMK,25.3481006622314,37.4351005554199
MJT,26.5983009338,39.0567016602
PVK,20.7653007507324,38.9254989624023
RHO,28.0862007141113,36.4053993225097
CHQ,24.1497001647949,35.5317001342773
JTR,25.479299545288,36.3992004394531
SKU,24.4871997833,38.9676017761
SKG,22.9708995819091,40.5196990966796
ZTH,20.8843002319335,37.7509002685546
BUD,19.2555999755999,47.4369010924999
BRI,16.760599,41.138901
BDS,17.947001,40.6576
SUF,16.2423,38.905399
CTA,15.0664,37.466801
LMP,12.6181,35.497898
PMO,13.091,38.175999
TPS,12.488,37.9114
AHO,8.29077,40.632099
CAG,9.05428,39.251499
OLB,9.51763,40.898701
MXP,8.72811,45.6306
BGY,9.70417,45.673901
TRN,7.64963,45.200802
GOA,8.8375,44.4133
LIN,9.27674,45.445099
PMF,10.2964,44.824501
CUF,7.62322,44.547001
BZO,11.3264,46.460201
BLQ,11.2887,44.5354
TSF,12.1944,45.648399
TRS,13.4722,45.827499
VRN,10.8885,45.395699
VCE,12.3519,45.505299
CIA,12.5949,41.7994
FCO,12.2388889,41.8002778
EBA,10.2394,42.7603
NAP,14.2908,40.886002
PSA,10.3927,43.683899
FLR,11.2051,43.810001
PEG,12.5132,43.095901
LJU,14.4576,46.223701
KLV,12.914999961853,50.2029991149902
OSR,18.111099243164,49.6963005065918
PRG,14.26,50.1008
BRQ,16.6944007873535,49.1512985229492
TLV,34.8866996765136,32.0113983154296
MLA,14.4775,35.857498
GRZ,15.4395999908447,46.9911003112793
INN,11.344,47.260201
SZG,13.0043001175,47.7933006286999
VIE,16.569700241089,48.110298156738
FAO,-7.96590995789,37.0144004822
GRW,-28.029800415039,39.0922012329101
HOR,-28.7159004211425,38.5199012756347
TER,-27.0907993316999,38.7617988585999
PDL,-25.6979007721,37.7411994934
PIX,-28.4412994384765,38.5542984008789
OPO,-8.68138980865,41.2481002808
LIS,-9.13591957092,38.7812995911
SJJ,18.3314990997314,43.8246002197265
CLJ,23.6861991882324,46.7851982116699
OMR,21.9025001525878,47.0252990722656
OTP,26.085,44.5711111
SBZ,24.0912990570068,45.7855987548828
TGM,24.4125003814697,46.4677009582519
TSR,21.3379001617431,45.8098983764648
GVA,6.10895013809204,46.2380981445312
ZRH,8.5491695404053,47.464698791504
ACH,9.56077003478999,47.4850006104
ESB,32.995098114,40.1281013488999
ADA,35.2803993224999,36.9822006226
AYT,30.800501,36.898701
KYA,32.561901,37.979
ASR,35.4953994751,38.770401001
IST,28.8145999907999,40.9768981934
ADB,27.156999588,38.2924003601
DLM,28.7924995422,36.7131004333
EZS,39.2914009094,38.6068992615
DIY,40.2010002136,37.893901825
TZX,39.7896995544433,40.9950981140136
KIV,28.9309997558593,46.9277000427246
GIB,-5.34965991974,36.1511993408
BEG,20.3090991974,44.8184013367
TGD,19.2518997192382,42.3594017028808
PRN,21.035801,42.5728
TIV,18.7233009338378,42.4047012329101
BTS,17.2126998901367,48.1702003479003
KSC,21.2411003112792,48.663101196289
PLS,-72.2658996582031,21.7735996246337
XSC,-71.528503418,21.5156993865999
LRM,-68.9117965698242,18.4507007598876
PUJ,-68.3634033203,18.5673999785999
POP,-70.5699996948242,19.7579002380371
SDQ,-69.668899536133,18.42970085144
STI,-70.6046981811523,19.406099319458
GUA,-90.5274963378906,14.5832996368408
LCE,-86.852997,15.7425
SAP,-87.923599243164,15.4525995254516
RTB,-86.523003,16.316799
TGU,-87.2172012329101,14.060899734497
KIN,-76.7874984741211,17.9356994628906
MBJ,-77.9133987426757,18.5037002563476
AGU,-102.318001,21.705601
CUL,-107.474998474,24.7644996643
CEN,-109.833000183105,27.3925991058349
CJS,-106.429000854492,31.6361007690429
CUU,-105.964996338,28.7028999329
CZM,-86.9255981445312,20.5223999023437
DGO,-104.527999878,24.1242008209
TPQ,-104.843002319335,21.4195003509521
GDL,-103.310997009277,20.5217990875244
HMO,-111.047996521,29.0958995819
SLW,-100.929000854492,25.5494995117187
BJX,-101.481002808,20.9934997559
LAP,-110.361999512,24.0727005004999
MAM,-97.5252990723,25.7698993683
MID,-89.657699585,20.9370002746999
MLM,-101.025001526,19.849899292
MEX,-99.072098,19.4363
MTY,-100.107002258,25.7784996033
MZT,-106.26599884,23.1613998413
NLD,-99.5705032349,27.4438991547
OAX,-96.726600647,16.9999008179
PBC,-98.3713989258,19.1581001282
PDS,-100.535003662109,28.62739944458
PVR,-105.253997802734,20.6800994873046
PXM,-97.0891036987,15.8768997192
QRO,-100.185997009,20.6173000336
REX,-98.2285003662,26.0088996886999
SJD,-109.721000671386,23.1518001556396
SLP,-100.930999756,22.2542991638
TIJ,-116.970001220703,32.5410995483398
TAM,-97.8658981323,22.2964000702
TLC,-99.5660018921,19.3370990753
CUN,-86.8770980835,21.0365009308
VSA,-92.817398071289,17.9969997406005
VER,-96.1873016357,19.1459007263
MGA,-86.1681976318359,12.1415004730224
CHX,-82.5167999267578,9.45864009857177
DAV,-82.4349975585937,8.39099979400634
PAC,-79.5556030273437,8.97334003448486
PTY,-79.3834991455,9.0713596344
LIR,-85.5444030761718,10.5932998657226
SJO,-84.2088012695312,9.99386024475097
SAL,-89.055702,13.4409
PAP,-72.2925033569336,18.579999923706
CCC,-78.3283996582,22.4610004424999
SCU,-75.8354034423828,19.9698009490966
HAV,-82.4091033935546,22.989200592041
HOG,-76.3151016235351,20.7856006622314
SNU,-79.943603515625,22.4922008514404
VRA,-81.435302734375,23.0344009399414
GCM,-81.3576965332,19.2928009032999
MHH,-77.0835037231,26.5114002228
AXP,-73.9709014893,22.4417991638
GGT,-75.8779983521,23.5625991821
ELH,-76.6835021973,25.474899292
GHB,-76.3310012817,25.2847003937
FPO,-78.695602417,26.5587005615
LGI,-75.0935974121,23.1790008545
NAS,-77.4662017821999,25.0389995575
BZE,-88.3081970214843,17.5391006469726
RAR,-159.805999756,-21.2026996613
NAN,177.442993164062,-17.7553997039794
SUV,178.559005737304,-18.0433006286621
TBU,-175.149993896484,-21.2411994934082
WLS,-176.199005127,-13.2383003235
APW,-172.007995605468,-13.829999923706
NHV,-140.22900390625,-8.79559993743896
BOB,-151.751007080078,-16.4444007873535
HUH,-151.022003173828,-16.6872005462646
MOZ,-149.761993408203,-17.4899997711181
RFP,-151.466003,-16.7229
VLI,168.32000732422,-17.699300765991
KNQ,164.837005615234,-21.0543003082275
KOC,164.255996704101,-20.5463008880615
GEA,166.473007202148,-22.25830078125
NOU,166.212997436523,-22.0146007537841
AKL,174.792007446,-37.0080986022999
TUO,176.083999633789,-38.7397003173828
CHC,172.531997680664,-43.4893989562988
HLZ,175.332000732,-37.8666992188
IVC,168.313003540039,-46.4123992919921
PPQ,174.988998413085,-40.9047012329101
ZQN,168.738998413,-45.0210990906
TRG,176.195999145507,-37.6719017028808
TIU,171.225006103515,-44.3027992248535
BHE,173.869995117187,-41.5182991027832
WLG,174.804992676,-41.3272018433
WRE,174.365005493164,-35.7682991027832
HEA,62.2282981872558,34.2099990844726
KBL,69.2123031616211,34.5658988952636
KDH,65.8478012084961,31.5058002471923
MZR,67.2097015380859,36.7069015502929
BAH,50.6335983276367,26.2707996368408
DMM,49.7979011535644,26.4712009429931
ELQ,43.7743988037109,26.3027992248535
HAS,41.686298,27.437901
JED,39.156502,21.6796
MED,39.7051010131835,24.5534000396728
EAM,44.4192008972168,17.611400604248
AQI,46.125099,28.335199
RUH,46.6987991333007,24.9575996398925
TIF,40.543442,21.483001
MRX,49.1519012451171,30.5562000274658
AWZ,48.7620010376,31.3374004363999
BUZ,50.8345985413,28.9447994232
KIH,53.9802017212,26.5261993408
KSH,47.1581001282,34.3459014893
IFN,51.8613014221191,32.7508010864257
RAS,49.617778,37.323333
THR,51.3134002685546,35.6892013549804
KER,56.9510993958,30.2744007110999
SYZ,52.58980178833,29.5391998291015
TBZ,46.2350006103515,38.1338996887207
ACZ,61.5438995361328,31.0983009338378
ZAH,60.9062004089355,29.4757003784179
AMM,35.9931983948,31.7226009369
KWI,47.9688987731933,29.2266006469726
BEY,35.4883995056152,33.8208999633789
AUH,54.6511001586914,24.4330005645751
AZI,54.4580993652343,24.4283008575439
DXB,55.3643989563,25.2527999878
FJR,56.3240013122558,25.1121997833251
SHJ,55.5172004699707,25.3285999298095
KHS,56.2406005859375,26.1709995269775
MCT,58.2844009399414,23.5932998657226
SLL,54.0913009643554,17.0387001037597
LYP,72.9947967529296,31.3649997711181
KHI,67.160797,24.9065
LHE,74.4036026000976,31.5216007232666
MJD,68.1430969238281,27.3351993560791
MUX,71.4190979003906,30.2031993865966
PEW,71.5146026611328,33.9939002990722
UET,66.9377975463867,30.2513999938964
ISB,73.0991973876953,33.61669921875
BSR,47.6621017456054,30.5491008758544
ROP,145.24299621582,14.1743001937866
GUM,144.796005249,13.4834003448
CXI,-157.350006103515,1.98616003990173
ROR,134.544006347656,7.36765003204345
KNH,118.359001159667,24.427900314331
KHH,120.349998474121,22.5771007537841
RMQ,120.621002197265,24.264699935913
MZG,119.62799835205,23.5687007904052
TSA,121.552001953125,25.0694007873535
TPE,121.233002,25.0777
HUN,121.61799621582,24.0230998992919
NRT,140.386001587,35.7647018433
CTS,141.692001342773,42.7751998901367
HKD,140.822006226,41.7700004578
MMB,144.164001465,43.8805999756
IKI,129.785003662,33.7490005493
UBJ,131.279006958,33.9300003052
FUJ,128.83299255371,32.6663017272949
FUK,130.45100402832,33.5858993530273
KOJ,130.718994140625,31.8034000396728
KMI,131.449005127,31.877199173
OIT,131.736999512,33.4794006347999
KKJ,131.035003662,33.8459014893
NGS,129.914001465,32.9169006347999
KMQ,136.406997680664,36.3945999145507
TOY,137.188003540039,36.6483001708984
YGJ,133.23599243164,35.4921989440918
ITM,135.438003540039,34.7854995727539
TKS,134.606994629,34.1328010559
TAK,134.01600647,34.2141990661999
AOJ,140.690994262695,40.7346992492675
GAJ,140.371002197,38.4118995666999
HNA,141.134994506835,39.4286003112793
SDJ,140.917007446,38.1397018433
HND,139.779999,35.552299
RSU,127.616996765136,34.842300415039
CJU,126.49299621582,33.5112991333007
PUS,128.93800354,35.1795005798
GMP,126.791000366,37.5583000183
TAE,128.658996582,35.8941001891999
OKA,127.646003723,26.1958007812
ISG,124.18699646,24.344499588
UEO,126.713996887207,26.3635005950927
MMY,125.294998169,24.7828006743999
MNL,121.019997,14.5086
TAC,125.027999878,11.2276000977
BCD,123.014999,10.7764
DGT,123.300003052,9.3337097168
ILO,122.493358,10.833017
KLO,122.375999451,11.679400444
PPS,118.759002685546,9.74211978912353
ROS,-60.785,-32.9036
AEP,-58.4156,-34.5592
COR,-64.2080001831,-31.323600769
MDZ,-68.7929000854,-32.8316993713
SLA,-65.4861984253,-24.8560009002999
JUJ,-65.0978012085,-24.3927993774
PMY,-65.1027,-42.7592
RGL,-69.3126,-51.6089
USH,-68.2958,-54.8433
MDQ,-57.5733,-37.9342
NQN,-68.1557006835999,-38.9490013123
BRC,-71.1575012207,-41.1511993408
CPC,-71.137298584,-40.0754013062
AJU,-37.0703010559,-10.984000206
BEL,-48.4762992859,-1.37925004959
PLU,-43.9505996704101,-19.8512001037597
BSB,-47.9208335876464,-15.8691673278808
CNF,-43.9719429016113,-19.6244430541992
CGR,-54.6725006104,-20.4687004089
XAP,-52.656600952148,-27.134199142456
CCM,-49.4213905334,-28.7244434357
CAW,-41.301700592,-21.698299408
CWB,-49.1758003235,-25.5284996033
CGB,-56.1166992188,-15.6528997421
CZS,-72.7695007324,-7.59990978241
MAO,-60.0497016906738,-3.03860998153686
IGU,-54.4850006103515,-25.6002788543701
FLN,-48.5525016784668,-27.6702785491943
FEN,-32.4233016967773,-3.85492992401123
FOR,-38.532600402832,-3.77627992630004
GIG,-43.2505569458,-22.8099994659
GYN,-49.2206993103027,-16.6319999694824
GRU,-46.4730567932128,-23.4355564117431
ATM,-52.254001617432,-3.2539100646973
ITB,-56.000701904297,-4.2423400878906
IOS,-39.033199310303,-14.815999984741
JPA,-34.9486122131,-7.14583301544
VCP,-47.1344985962,-23.0074005127
LDB,-51.1301002502,-23.3335990905999
MAB,-49.1380004882999,-5.36858987808
MGF,-52.01222229,-23.4794445037999
MCZ,-35.7916984558105,-9.51080989837646
NVT,-48.6514015197753,-26.8799991607666
NAT,-35.376111,-5.768056
POA,-51.1713981628418,-29.994400024414
PFB,-52.3265991210937,-28.2439994812011
RBR,-67.8980560302734,-9.86888885498046
REC,-34.923599243164,-8.12648963928222
SDU,-43.1631011963,-22.9104995727999
RAO,-47.7766685485839,-21.1363887786865
SJK,-45.8614997863769,-23.2292003631591
SLZ,-44.2341003417968,-2.58536005020141
CGH,-46.6563873291015,-23.6261100769042
SSA,-38.3224983215,-12.9086112976
THE,-42.8235015869,-5.0599398613
TFF,-64.7240982056,-3.38294005394
UDI,-48.2252769470214,-18.8836116790771
VIX,-40.2863883972168,-20.258056640625
ARI,-70.3386993408203,-18.3484992980957
BBA,-71.6894989013671,-45.9160995483398
CJC,-68.9036026000976,-22.4981994628906
IQQ,-70.1812973022461,-20.5352001190185
SCL,-70.7857971191406,-33.3930015563964
ANF,-70.4450988769531,-23.4444999694824
PMC,-73.0940017700195,-41.4388999938964
CUE,-78.9843978881836,-2.88947010040283
GYE,-79.8835983276,-2.15741991996999
UIO,-78.3575,-0.129166666667
ASU,-57.5200004577636,-25.2399997711181
PUU,-76.5008,0.505228
BGA,-73.1848,7.1265
BOG,-74.1469,4.70159
BAQ,-74.7808,10.8896
BUN,-76.9898,3.81963
CUC,-72.5115,7.92757
CTG,-75.513,10.4424
CLO,-76.3816,3.54322
CZU,-75.2856,9.33274
APO,-76.7164,7.81196
LET,-69.9432,-4.19355
EOH,-75.590582,6.220549
PCR,-67.4932,6.18472
PSO,-77.2915,1.39625
MDE,-75.4231,6.16454
SMR,-74.2306,11.1196
ADZ,-81.7112,12.5836
UIB,-76.6412,5.69076
CBB,-66.1771011352539,-17.421100616455
LPB,-68.1922988891601,-16.5132999420166
SRE,-65.2886962890625,-19.0070991516113
TJA,-64.7013015747,-21.5557003021
TDD,-64.9179992676,-14.8186998367
VVI,-63.135398864746,-17.6448001861572
BYC,-63.6516990661621,-21.9608993530273
PBM,-55.1878013611,5.45282983779999
CAY,-52.3604011535999,4.81980991363999
LIM,-77.114304,-12.0219
AQP,-71.5830993652,-16.3411006927
TCQ,-70.2758026123,-18.0533008575
PEM,-69.2285995483,-12.6135997772
CUZ,-71.9387969971,-13.5356998444
MVD,-56.0307998657226,-34.8384017944335
BLA,-64.6892013549804,10.107099533081
MAR,-71.7278594971,10.5582084656
MRD,-71.1610412597656,8.5820779800415
CCS,-66.9905853271,10.6031169891
VLN,-67.9283981323242,10.1497325897216
ANU,-61.792702,17.1367
BGI,-59.4925003052,13.0746002197
DOM,-61.2999992370605,15.5469999313354
FDF,-61.0032005310058,14.590999603271401
PTP,-61.5317993164062,16.2653007507324
GND,-61.7862014770507,12.0041999816894
STT,-64.9733963012695,18.3372993469238
BQN,-67.1294021606445,18.4948997497558
SJU,-66.0018005371,18.4393997192
SKB,-62.7187004089355,17.3111991882324
SLU,-60.992901,14.0202
UVF,-60.952599,13.7332
AUA,-70.0151977539062,12.501399993896401
BON,-68.2685012817382,12.1309995651245
CUR,-68.959801,12.1889
SXM,-63.1088981628,18.0410003662
AXA,-63.0550994873046,18.2047996520996
POS,-61.3372001647949,10.5953998565673
EIS,-64.5429992675781,18.4447994232177
ALA,77.0404968261718,43.3521003723144
TSE,71.4669036865234,51.0222015380859
FRU,74.4776000977,43.0612983704
OSS,72.793296814,40.6090011597
CIT,69.4788970947265,42.364200592041
AKX,57.2066993713378,50.2458000183105
GYD,50.0466995239257,40.4674987792968
YKS,129.77099609375,62.0932998657226
MJZ,114.039001464843,62.5346984863281
KHV,135.18800354004,48.52799987793
GDX,150.720001220703,59.9109992980957
PKC,158.453994750976,53.1679000854492
UUS,142.718002319335,46.8886985778808
VVO,132.147994995117,43.398998260498
HTA,113.306,52.026299
BTK,101.697998046875,56.3706016540527
IKT,104.38899993896,52.268001556396
UUD,107.438003540039,51.8078002929687
KBP,30.8946990966796,50.3450012207031
DOK,37.7397003173828,48.0736007690429
DNK,35.100601196289,48.3572006225585
IEV,30.45194,50.40194
LWO,23.9561004638671,49.8125
ODS,30.6765003204345,46.4267997741699
LED,30.2625007629394,59.8003005981445
KGD,20.5925998687744,54.8899993896484
MSQ,28.030700683594,53.882499694824
ABA,91.3850021362304,53.7400016784668
OMS,73.3105010986328,54.966999053955
KRR,39.170501708984,45.034698486328
MCX,47.65230178833,42.8167991638183
MRV,43.0819015502929,44.2251014709472
ROV,39.8180999756,47.2582015991
AER,39.956600189209,43.449901580811
ASF,48.0063018799,46.2832984924
VOG,44.3455009460449,48.7825012207031
CEK,61.5033,55.305801
NJC,76.4835968017578,60.9492988586425
PEE,56.021198272705,57.914501190186
SGC,73.4018020629882,61.3437004089355
SVX,60.802700042725,56.743099212646
ASB,58.3610000610351,37.9868011474609
DYU,68.8249969482,38.5433006286999
SKD,66.9838027954101,39.7005004882812
TAS,69.2811965942,41.257900238
SVO,37.4146,55.972599
VOZ,39.2295989990234,51.8142013549804
VKO,37.2615013123,55.5914993286
SCW,50.845100402832,61.6469993591308
KZN,49.278701782227,55.606201171875
REN,55.4566993713378,51.795799255371
UFA,55.874401092529,54.557498931885
KUF,50.16429901123,53.504901885986
AMD,72.634696960399907,23.0771999359
BOM,72.8678970337,19.0886993408
BDQ,73.2263031006,22.3362007141
BHO,77.3374023438,23.2875003815
GOI,73.8313980103,15.3808002472
IDR,75.8011016846,22.7217998505
NAG,79.0472030639648,21.0921993255615
PNQ,73.9197006225586,18.5820999145507
RAJ,70.7795028686999,22.3092002869
RPR,81.7388000488,21.1804008483999
UDR,73.8961029053,24.6177005767999
CMB,79.8841018676757,7.18075990676879
PNH,104.844001770019,11.5466003417968
REP,103.81300354,13.4106998444
IXA,91.2404022217,23.8869991302
AJL,92.6196975708,23.8405990600999
IXB,88.3285980224609,26.6812000274658
CCU,88.4467010498046,22.6546993255615
IMF,93.896697998,24.7600002289
IXS,92.9786987305,24.9129009247
DIB,95.0168991089,27.4839000702
PAT,85.0879974365,25.591299057
IXR,85.3217010498,23.3143005371
VTZ,83.2245025635,17.721200943
CGP,91.8133010864257,22.2495994567871
ZYL,91.8667984008789,24.9631996154785
DAC,90.397783,23.843347
HKG,113.915000916,22.3089008331
ATQ,74.7973022461,31.7096004486
IXC,76.7884979248046,30.6735000610351
DED,78.1802978515999,30.189699173
DEL,77.1031036376953,28.566499710083
JAI,75.8122024536,26.8241996765
IXJ,74.8374023438,32.6890983582
IXL,77.5465011597,34.1358985901
LKO,80.8892974854,26.7605991364
SXR,74.7742004394531,33.9870986938476
LPQ,102.161003112792,19.8973007202148
VTE,102.56300354,17.9883003235
MFM,113.592002868652,22.1495990753173
BWA,83.416293,27.505685
KTM,85.3591003417999,27.6965999603
BLR,77.706299,13.1979
VGA,80.7967987060546,16.5303993225097
CJB,77.0434036255,11.029999733
COK,76.4019012451,10.1520004272
CCJ,75.9552993774,11.1367998123
IXM,78.0933990479,9.83450984955
IXE,74.8900985718,12.9612998962
MAA,80.1692962646484,12.990005493164
IXZ,92.7296981811523,11.6412000656127
TRZ,78.7097015380859,10.7653999328613
TRV,76.9200973511,8.48211956024
MLE,73.5290985107421,4.19183015823364
DMK,100.607002258,13.9125995636
KBV,98.9861984253,8.09912014008
USM,100.06199646,9.54778957366999
HKT,98.3169021606,8.11320018768
HDY,100.392997742,6.93320989609
UTH,102.788002014,17.3864002228
SNO,104.119003295898,17.1951007843017
LOE,101.72200012207,17.4391002655029
DAD,108.198997497558,16.0438995361328
HAN,105.806999206542,21.2212009429931
HUI,107.70300293,16.4015007018999
PQC,103.9931,10.1698
SGN,106.652000427,10.8187999725
NYU,94.9301986694336,21.1788005828857
MDL,95.9778976440429,21.702199935913
MYT,97.3518981933593,25.3836002349853
AKY,92.8725967407226,20.1326999664306
THL,99.9354019165039,20.4838008880615
RGN,96.1332015991,16.9073009490999
UPG,119.554000854492,-5.06162977218627
TIM,136.886993408203,-4.52827978134155
DJJ,140.516006469726,-2.57695007324218
MKQ,140.417999267578,-8.52029037475586
MDC,124.926002502441,1.54926002025604
TTE,127.380996704101,0.831413984298706
AMQ,128.089004517,-3.7102599144
FKQ,132.266998291015,-2.92019009590148
BXB,133.438995361328,-2.53223991394042
MKW,134.048995971679,-0.891833007335662
SOQ,131.287,-0.894
BTU,113.019996643,3.12385010719
KCH,110.34700012207,1.48469996452331
LMN,115.01000213623,4.80830001831054
MUR,114.329002380371,4.17897987365722
MYY,113.986999511718,4.3220100402832
BKI,116.051002502441,5.93721008300781
LBU,115.25,5.30068016052246
TWU,118.12799835205,4.32015991210937
BWN,114.928001403808,4.94420003890991
PKU,101.444999694824,0.460786014795303
CGK,106.65599823,-6.1255698204
PNK,109.403999328613,-0.150710999965667
PLM,104.69999694824,-2.8982501029968
JHB,103.669998168945,1.64130997657775
KUL,101.70999908447,2.745579957962
LGK,99.7286987304687,6.32973003387451
PEN,100.277000427246,5.29714012145996
SIN,103.994003,1.35019
ASP,133.901992797851,-23.8066997528076
BNE,153.117004394531,-27.384199142456
OOL,153.505004883,-28.1644001007
CNS,145.755004883,-16.885799408
ISA,139.488998413,-20.6639003753999
MCY,153.091003418,-26.6033000945999
MKY,149.179992676,-21.1716995239
PPP,148.552001953,-20.4950008392
ROK,150.475006104,-23.3819007874
TSV,146.764999389648,-19.2525005340576
WEI,141.925003052,-12.6786003113
HBA,147.509994507,-42.836101532
LST,147.214004517,-41.54529953
MEL,144.843002319335,-37.6733016967773
ADL,138.531005859375,-34.9449996948242
KGI,121.461997986,-30.7894001006999
KNX,128.707992554,-15.7781000137
LEA,114.088996887,-22.2355995177999
PHE,118.625999451,-20.3777999878
PER,115.967002868652,-31.9402999877929
XCH,105.690002441406,-10.4505996704101
CBR,149.195007324218,-35.306900024414
CFS,153.115997314,-30.3206005096
DBO,148.574996948,-32.2167015076
SYD,151.177001953125,-33.9460983276367
PEK,116.584999084472,40.0801010131835
HLD,119.824996948,49.2050018311
TSN,117.346000671,39.1244010924999
TYN,112.62799835205,37.746898651123
CAN,113.299003601074,23.3924007415771
CSX,113.220001221,28.1891994475999
KWL,110.039001464843,25.2180995941162
NNG,108.171997070312,22.608299255371
SZX,113.810997009277,22.6392993927001
CGO,113.841003418,34.5196990966999
WUH,114.208000183105,30.783800125122
FNJ,125.669998,39.224098
LHW,103.620002747,36.5152015686
XIY,108.751998901367,34.4471015930175
ULN,106.766998291015,47.8431015014648
JHG,100.76000213623,21.9738998413085
KMG,102.9291667,25.1019444
XMN,118.12799835205,24.5440006256103
KHN,115.900001525878,28.8649997711181
FOC,119.66300201416,25.9351005554199
HGH,120.43399810791,30.2294998168945
NGB,121.461997985839,29.8267002105712
NKG,118.861999511718,31.7420005798339
HFE,117.297996520996,31.7800006866455
TAO,120.374000549,36.2661018372
SHA,121.335998535156,31.1979007720947
YNT,121.372001647949,37.4016990661621
CKG,106.641998291015,29.7192001342773
KWE,106.801002502441,26.5384998321533
CTU,103.946998596191,30.5785007476806
XIC,102.18399810791,27.9890995025634
KHG,76.0199966431,39.5429000854
HTN,79.8648986816406,37.0385017395019
URC,87.4741973876953,43.9071006774902
HRB,126.25,45.6234016418457
MDG,129.569000244,44.5241012573
DLC,121.539001464843,38.9656982421875
PVG,121.805000305175,31.1434001922607
SZB,101.549003601074,3.13057994842529
HBE,29.6963996887207,30.9176998138427
BTI,-143.582000732,70.1340026855
BTT,-151.529007,66.91390228
FYU,-145.25,66.5715026855468
SNP,-170.220001220703,57.1673011779785
PTU,-161.820007324218,59.0113983154296
FSM,-94.3674011230468,35.3366012573242
TTN,-74.8134994506836,40.2766990661621
BOS,-71.00520325,42.36429977
OAK,-122.221000671386,37.7212982177734
OMA,-95.8940963745117,41.3031997680664
OGG,-156.429992675781,20.8985996246337
ICT,-97.4330978393554,37.6498985290527
MCI,-94.713898,39.2976
MSN,-89.3375015258789,43.1399002075195
DLG,-158.5050049,59.04470062
PHX,-112.012001037597,33.4342994689941
GEG,-117.533996582031,47.6198997497558
SFO,-122.375,37.6189994812011
MEM,-89.9766998291015,35.0424003601074
LAX,-118.4079971,33.94250107
CLE,-81.8498001099,41.4117012024
CVG,-84.6678009033,39.0488014221
HON,-98.2285003662109,44.3852005004882
JNU,-134.57600402832,58.3549995422363
LFT,-91.98760223,30.20529938
EWR,-74.168701171875,40.6925010681152
BOI,-116.2229996,43.56439972
DAL,-96.8517990112304,32.8470993041992
KOA,-156.046005249023,19.7388000488281
MYR,-78.9282989502,33.6796989441
ACK,-70.06020355,41.25310135
DCA,-77.037697,38.8521
ACY,-74.5772018432617,39.4575996398925
PQI,-68.0447998,46.68899918
ADQ,-152.4940033,57.75
FLL,-80.1527023315429,26.0725994110107
SLC,-111.977996826171,40.7883987426757
MDT,-76.7633972168,40.1935005188
IAH,-95.3414001464843,29.9843997955322
ELP,-106.3779984,31.80719948
HRL,-97.6544036865234,26.2285003662109
CAE,-81.1194992065429,33.9388008117675
PNS,-87.186599731445,30.473400115967
HOU,-95.27890015,29.64539909
PIT,-80.23290253,40.49150085
BRW,-156.766008,71.285402
MIA,-80.2906036376953,25.7931995391845
SEA,-122.30899810791,47.4490013122558
CHA,-85.2037963867187,35.035301208496
JAN,-90.0758972168,32.3111991882
LGB,-118.1520004,33.81769943
IND,-86.294403,39.7173
HPN,-73.7076034545898,41.0670013427734
YUM,-114.6060028,32.65660095
CNM,-104.263000488281,32.3375015258789
DLH,-92.1936035155999,46.8420982361
BET,-161.8379974,60.77980042
LIH,-159.339004516601,21.9759998321533
RIC,-77.3197021484375,37.505199432373
ORF,-76.2012023925781,36.8945999145507
SAV,-81.20210266,32.12760162
OME,-165.445007324218,64.5121994018554
PIE,-82.68740082,27.91020012
SCC,-148.4649963,70.19470215
SAT,-98.4698028564453,29.5337009429931
ROC,-77.6724014282226,43.1189002990722
RDU,-78.7874984741211,35.8776016235351
DAY,-84.2193984985351,39.9024009704589
IAG,-78.9461975097656,43.1072998046875
PHF,-76.49299622,37.13190079
TUS,-110.941001892089,32.1161003112793
PVD,-71.4204025268554,41.7326011657714
BUR,-118.359001159667,34.200698852539
DTW,-83.353401184082,42.2123985290527
TPA,-82.533203125,27.9755001068115
AGS,-81.9645004272461,33.3698997497558
ISN,-103.641998291,48.177898407
LIT,-92.2242965698,34.7294006347999
DFW,-97.0380020141601,32.896800994873
AUS,-97.6698989868164,30.1944999694824
TYS,-83.9940033,35.81100082
STL,-90.370002746582,38.7486991882324
SPS,-98.49189758,33.98880005
LUK,-84.41860199,39.10329819
ATL,-84.4281005859375,33.6366996765136
GRR,-85.52279663,42.88079834
FAT,-119.718002319335,36.7761993408203
BNA,-86.6781997680664,36.1245002746582
OTZ,-162.598999,66.88469696
LGA,-73.87259674,40.77719879
ACT,-97.2304992675781,31.6112995147705
MKL,-88.91560364,35.59989929
BTV,-73.1532974242999,44.4719009398999
JAX,-81.6878967285156,30.4941005706787
DRO,-107.753997803,37.1515007019
IAD,-77.45580292,38.94449997
CLL,-96.36380005,30.58860016
MKE,-87.8965988159179,42.9472007751464
COU,-92.2195968627929,38.8180999755859
PDX,-122.5979996,45.58869934
PBI,-80.0955963134765,26.6832008361816
OGS,-75.4654998779,44.6819000244
HNL,-157.921997070312,21.3187007904052
DSM,-93.663101196289,41.5340003967285
EWN,-77.042900085399907,35.0730018616
SAN,-117.190002441,32.7336006165
MLU,-92.0376968383789,32.5108985900878
ONT,-117.600997924804,34.0559997558593
ROW,-104.53099822998,33.3016014099121
CRP,-97.5011978149414,27.7703990936279
SYR,-76.1063003540039,43.1111984252929
MDW,-87.7524032592773,41.7859992980957
SJC,-121.929000854492,37.3625984191894
DEN,-104.672996521,39.861698150635
PHL,-75.241096496582,39.871898651123
SUX,-96.38439941,42.40259933
CMH,-82.8918991088867,39.9980010986328
GAL,-156.9369965,64.73619843
PBG,-73.4681015014648,44.6509017944335
ANC,-149.996002197265,61.1744003295898
BLI,-122.53800201416,48.7928009033203
SAF,-106.088996887,35.617099762
RSW,-81.7552032470703,26.5361995697021
AKN,-156.6490021,58.67679977
JFK,-73.77890015,40.63980103
CYS,-104.8119965,41.15570068
CHS,-80.04049683,32.89860153
RNO,-119.767997741699,39.4990997314453
KTN,-131.7140045,55.35559845
BHM,-86.75350189,33.56290054
SMF,-121.591003417968,38.6954002380371
COS,-104.70099639893,38.805801391602
BUF,-78.73220062,42.94049835
BDL,-72.6831970214999,41.9388999939
MFE,-98.23860168,26.17580032
LBB,-101.822998046875,33.6636009216308
ORD,-87.90480042,41.97859955
FAI,-147.8560028,64.81510162
ART,-76.0216979980468,43.991901397705
AMA,-101.706001281738,35.2193984985351
ILM,-77.902603149414,34.2705993652343
BTR,-91.14959717,30.53319931
TYR,-95.4023971557617,32.3540992736816
BWI,-76.66829681,39.17539978
TUL,-95.8880996704101,36.1983985900878
ISP,-73.10019684,40.79520035
MSP,-93.2218017578,44.8819999694999
MSY,-90.2580032348632,29.9934005737304
PWM,-70.30930328,43.64619827
OKC,-97.6007003784179,35.3931007385253
ALB,-73.8016967773437,42.7482986450195
VDZ,-146.2480011,61.13389969
SNA,-117.8679962,33.67570114
VPS,-86.525398,30.4832
EYW,-81.7595977783203,24.5561008453369
CLT,-80.9430999755859,35.2140007019043
LAS,-115.1520004,36.08010101
MCO,-81.3089981079101,28.4293994903564
GTF,-111.3710022,47.48199844
BKK,100.747001647949,13.6810998916625
BDO,107.575996398925,-6.90062999725341
JOG,110.431999206542,-7.78817987442016
SRG,110.375,-6.97273
BTH,104.119003296,1.12102997303
TJQ,107.754997253,-2.74571990967
BDJ,114.763000488281,-3.4423599243164
ENE,121.661003113,-8.8492898941
KOE,123.670997619628,-10.1716003417968
LBJ,119.888999938964,-8.48666000366211
BPN,116.893997192,-1.26827001572
TRK,117.569444,3.326667
BMU,118.68699645996,-8.5396499633789
SUB,112.787002563476,-7.37982988357543
ICN,126.450996398925,37.4691009521484
CNX,98.962600708,18.7667999267999
CEI,99.8828964233,19.952299118
KKC,102.783996582,16.4666004180999
DPS,115.16699981689,-8.7481698989868
ATH,23.9444999695,37.9364013672
NGO,136.804992675781,34.8583984375
UKB,135.223999023437,34.6328010559082
RIX,23.9710998535156,56.923599243164
KUN,24.0848007202148,54.9639015197753
VNO,25.2858009338378,54.6341018676757
EVN,44.3959007263,40.1473007202
ASM,38.9107017517089,15.2918996810913
BUS,41.5997009277,41.6102981567
KUT,42.4826011658,42.176700592
TBS,44.95470047,41.6692008972
HOD,42.9762992858886,14.7530002593994
ADE,45.0288009643554,12.8295001983642
AAY,52.1749992370605,16.1916999816894
SAH,44.2196998596191,15.4763002395629
FMM,10.2395000458,47.9888000487999
EZE,-58.5358,-34.8222
EBL,43.9631996154785,36.2375984191894
KIX,135.244003295898,34.4272994995117
JAV,-51.0570983887,69.2432022095
PMI,2.73881006241,39.551700592
DRW,130.876998901367,-12.4146995544433
URT,99.135597229,9.13259983063
GSO,-79.9373016357421,36.097801208496
AYQ,130.975998,-25.1861
MHT,-71.4356994628906,42.9325981140136
SDF,-85.736,38.1744
ROA,-79.975402832,37.3255004882999
LEX,-84.6059036254882,38.0364990234375
EVV,-87.5324020386,38.0369987488
ABQ,-106.609001159667,35.0401992797851
BZN,-111.1529999,45.77750015
BIL,-108.542999267578,45.8077011108398
FRS,-89.8664016723999,16.9137992858999
DME,37.9062995910644,55.4087982177734
SYX,109.412002563476,18.302900314331
LJG,100.246002197,26.6800003052
GSP,-82.2189025879,34.8956985474
BMI,-88.91590118,40.47710037
GPT,-89.0700988769531,30.4073009490966
FWA,-85.19509888,40.97850037
CMI,-88.27809906,40.03919983
MHK,-96.6707992553711,39.140998840332
HVB,152.880004883,-25.3188991547
DLU,100.319,25.649401
SSH,34.3950004578,27.9773006439
NBO,36.9277992249,-1.31923997402
GJT,-108.527000427,39.1223983765
SGU,-113.510305556,37.0363888889
SRQ,-82.5543975830078,27.3953990936279
BDA,-64.6787033081054,32.3639984130859
MLI,-90.5074996948242,41.448501586914
HIR,160.05499267578,-9.4280004501343
PPT,-149.606994629,-17.5536994934
OVB,82.650703430176,55.012599945068
BIS,-100.746002197265,46.7727012634277
INC,106.009003,38.481899
RAP,-103.056999206542,44.0452995300293
FNT,-83.7435989379882,42.9654006958007
DVO,125.646003723144,7.1255202293396
FNC,-16.774499893188,32.697898864746
STM,-54.785831451416,-2.42472195625305
LXA,90.9119033813,29.2978000641
EUG,-123.211997985839,44.1245994567871
IDA,-112.070999145507,43.5145988464355
MFR,-122.873001098632,42.3741989135742
RDM,-121.1500015,44.2541008
WDH,17.4709,-22.4799
YWH,-123.388867378,48.4249858939
TNA,117.216003417968,36.8572006225585
CZX,119.778999,31.919701
YBP,104.545,28.8005555556
TJM,65.3243026733,57.1896018981999
CAK,-81.4421997070312,40.9160995483398
HSV,-86.775100708008,34.637199401855
TRI,-82.4074020385742,36.4752006530761
JIB,43.1595001220703,11.5473003387451
HAK,110.458999633789,19.9349002838134
UII,-86.880302,16.1131
FCA,-114.255996704101,48.3105010986328
BGW,44.2346000671,33.2625007629
CRK,120.559997559,15.1859998703
SHE,123.483001708984,41.6398010253906
PSG,-132.9450073,56.80170059
LYA,112.388000488,34.7411003112999
XUZ,117.555278,34.059056
DLI,108.366996765136,11.75
NSI,11.5532999038696,3.72255992889404
CKY,-13.612,9.57689
FKB,8.08049964905,48.7793998718
SFB,-81.2375030517578,28.7775993347167
JTY,26.3757991791,36.5798988342
JIK,26.3470993042,37.6827011108
JKL,26.9405994415,36.9632987976
PAS,25.113195,37.020495
RMF,34.5836982727,25.557100296
NRN,6.14216995239,51.6024017334
BXU,125.4788,8.9515
DPL,123.341875076,8.60198349877
CEB,123.97899627686,10.307499885559
BPS,-39.0808982849121,-16.4386005401611
PMW,-48.3569984435999,-10.2915000916
MSO,-114.0910034,46.91630173
BKQ,145.429000854,-24.4277992249
BDB,152.319000244,-24.9039001464999
YGH,-128.651000976562,66.2407989501953
TAH,169.223999023437,-19.4550991058349
SRZ,-63.1715011597,-17.8115997314
SAB,-63.2200012207031,17.6450004577636
CSG,-84.9389038085937,32.516300201416
FLG,-111.6709976,35.13850021
GOJ,43.784000396729,56.230098724365
HYA,-70.28040314,41.66930008
CRW,-81.5932006835937,38.3731002807617
AVP,-75.7233963013,41.3385009765999
BNK,153.56199646,-28.8339004517
FAR,-96.815803527832,46.9207000732421
GCC,-105.539001465,44.3488998412999
CJM,99.361701965332,10.711199760437
JZH,103.682222222,32.8533333333
SWA,116.5033,23.552
AGT,-54.842682,-25.454516
DNH,94.8091964721679,40.1610984802246
AOI,13.3623,43.616299
CPO,-70.4131011963,-27.2968997955
BJV,27.6643009186,37.2505989074999
SAW,29.3092002869,40.898601532
SCE,-77.8487014771,40.8493003845
BME,122.2320022583,-17.9447002410888
NTL,151.833999633789,-32.7949981689453
KLU,14.3377,46.642502
HFT,23.668600082397,70.679702758789
VDS,29.844699859619,70.065299987793
IKA,51.1521987915039,35.4160995483398
MHD,59.640998840332,36.2351989746093
ISC,-6.29166984558105,49.9132995605468
SGF,-93.38860321,37.24570084
NVK,17.386699676514,68.436897277832
NSK,87.3321990966796,69.3110961914062
AAQ,37.347301483154,45.002101898193
ABE,-75.440803527832,40.652099609375
XNA,-94.306801,36.281898
GUW,51.8213996887207,47.121898651123
SBN,-86.3172988891601,41.708698272705
RTW,46.0466995239257,51.5649986267089
NUX,76.5203018188476,66.0693969726562
NOJ,75.2699966430664,63.1833000183105
SCO,51.091999053955,43.8600997924804
NNM,53.121898651123,67.6399993896484
KJA,92.493301391602,56.172901153564
KGF,73.3343963623046,49.670799255371
CGQ,125.684997559,43.9962005615
KIJ,139.121002197,37.9558982849
OAJ,-77.6120986938,34.8292007446
FRE,159.576996,-8.1075
PNP,148.309005737,-8.80453968048
HKN,150.404998779296,-5.46217012405395
KVG,150.807998657,-2.57940006256
RAB,152.380004883,-4.34045982361
JUV,-56.1305999756,72.7901992798
JQA,-52.6962013245,70.7341995239
YRG,-58.4575004577636,54.1796989440918
YLE,-117.246002197265,63.1316986083984
XBE,-91.0271987915039,53.9655990600585
YOG,-85.9017028809,51.6585998535
YHP,-94.2555999755859,52.1133003234863
YKU,-78.9169006347656,53.8055992126464
YCS,-90.7311019897,63.3469009398999
YDP,-61.6803016662597,56.5491981506347
YER,-87.6761016845703,56.0189018249511
YFH,-87.9077987670898,51.5619010925293
YMN,-59.1864013671875,55.0769004821777
YGT,-81.8161010742,69.3647003174
YGW,-77.7652969360351,55.2818984985351
YNS,-76.1355972290039,51.6911010742187
YKQ,-78.75830078125,51.4733009338378
YLH,-87.9341964721679,52.1955986022949
YMT,-74.5280990600586,49.7719001770019
YUD,-76.5183029174804,56.5360984802246
YPM,-93.9732971191406,51.8196983337402
YPW,-124.5,49.8342018127441
YQD,-101.091003417968,53.9714012145996
YXN,-92.5980987549,62.2400016784999
YZG,-75.6671981811523,62.179401397705
MSA,-91.7628021240234,53.4413986206054
ZPB,-92.1964035034179,53.8911018371582
ZUM,-64.1063995361328,53.5619010925293
BLJ,6.3085899353,35.7521018981999
BMW,0.923888981342,21.375
HDF,14.152299881,53.8787002563
DSA,-1.01065635681,53.4805378105
NRL,-2.43443989754,59.3675003052
SOY,-2.64139008522,59.1553001404
NDY,-2.57666993141174,59.2503013610839
LEQ,-5.67055988311767,50.102798461914
BRR,-7.4430599212646396,57.0228004455566
SOJ,20.959400177002,69.786796569824
VAW,31.044900894165,70.355400085449
OSD,14.50030040741,63.194400787354
MQP,31.1056003571,-25.3831996918
MSZ,12.1468000411987,-15.2611999511718
LUD,15.2428998947143,-26.687400817871
TSH,20.7947006225585,-6.43833017349243
OXB,-15.6536998748779,11.8948001861572
VIL,-15.932,23.7183
ESU,-9.6816701889,31.3974990845
NDR,-3.0282099247,34.9888000487999
RAI,-23.4934997558593,14.924500465393
MGQ,45.3046989440918,2.01444005966186
TOB,23.907,31.861
LAQ,21.9643001556396,32.7887001037597
PZU,37.2341003417968,19.4335994720459
ABY,-84.1945037841796,31.5354995727539
ALW,-118.288002,46.09489822
ATY,-97.15470123,44.91400146
BFD,-78.6400985717773,41.8031005859375
BQK,-81.4664993286132,31.2588005065917
BRL,-91.125503540039,40.7831993103027
FAY,-78.8803024291992,34.9911994934082
LMT,-121.733001708984,42.1561012268066
PIR,-100.2860031,44.38270187
RHI,-89.4674987792968,45.6311988830566
SBP,-120.641998291,35.2368011474999
ECN,33.4961013793945,35.1547012329101
JBQ,-69.9856033325195,18.5725002288818
PJM,-83.3000030517578,8.53332996368408
ATC,-75.6737976074,24.6294002533
CRI,-74.1824035645,22.7455997466999
TVU,-179.876998901,-16.6905994415
SVU,179.341003418,-16.8027992249
FUT,-178.065994263,-14.3114004135
UAH,-139.552001953125,-8.93610954284668
SLH,167.537002563,-13.8516998291
EAE,168.343002319,-17.0902996063
SON,167.220001221,-15.5050001143999
AUY,169.770996094,-20.2492008209
KHD,48.282901763916,33.4353981018066
BHV,71.7180023193359,29.3481006622314
DSK,70.8965988159179,31.9094009399414
TUK,63.0302009582519,25.986400604248
ISU,45.3167381286999,35.5617485046
GXF,48.7882995604999,15.9660997391
GST,-135.7070007,58.4253006
SGY,-135.315994262695,59.4600982666015
HNS,-135.524002075195,59.2438011169433
KLG,-160.341003417968,61.5363006591796
MCG,-155.6060028,62.95289993
ANI,-159.542999267578,61.5816001892089
VAK,-165.6005,61.5409
KUH,144.192993164,43.0410003661999
HSG,130.302001953,33.1497001647999
NKM,136.923995971679,35.2550010681152
FKS,140.430999755859,37.2274017333984
WJU,127.959999084,37.4380989074999
CJJ,127.499000549,36.7165985107
SUG,125.480947495,9.75583832562999
JDO,-39.2700996398999,-7.21895980835
LOH,-79.3719024658203,-3.99588990211486
ESM,-79.6266021728515,0.978519022464752
LPD,-69.5797,-1.32861
EYP,-72.384,5.31911
RIB,-66.0,-11.0
NEV,-62.5899009704589,17.2056999206542
PPK,69.1838989257812,54.7747001647949
DZN,67.733299,47.708302
KVD,46.3176002502441,40.7377014160156
PYJ,112.029998779,66.4003982544
DYR,177.740997314453,64.7349014282226
OZH,35.3157005310058,47.8670005798339
CEE,38.0158004761,59.273601532
PES,34.1547012329101,61.8852005004882
GRV,45.7840995788574,43.2980995178222
PSC,-119.119003295898,46.2647018432617
SLY,66.6110000610351,66.5907974243164
HMA,69.0860977172851,61.0284996032714
KVX,49.348300933838,58.503299713135
NYM,72.6988983154296,65.4809036254882
LBD,69.6947021484375,40.2154006958007
AZN,72.2939987183,40.7276992798
FEG,71.7450027466,40.3587989806999
NMA,71.5567016602,40.9846000671
NCU,59.6232986450195,42.4883995056152
UGC,60.6417007446289,41.584300994873
KSQ,65.9215011597,38.8335990906
EGO,36.5900993347168,50.643798828125
VKT,63.9930992126464,67.4886016845703
HBX,75.0848999023,15.361700058
GAU,91.5858993530273,26.1061000823974
BZL,90.3012008666992,22.8010005950927
MAQ,98.5450973510742,16.6998996734619
HPH,106.724998474121,20.8194007873535
VCA,105.711997986,10.085100174
UIH,109.041999817,13.9549999237
PXU,108.016998291015,14.0045003890991
TMC,119.244003295898,-9.4097204208374
LUV,132.731002807617,-5.66162014007568
ODN,115.050003051757,3.96700000762939
BKM,115.61799621582,3.97399997711181
LWY,115.407997131347,4.84917020797729
TKG,105.175556,-5.240556
ALH,117.80899810791,-34.9432983398437
AUU,141.72065,-13.354067
BCI,145.307006836,-23.5652999878
BVI,139.348007202148,-25.8974990844726
BHQ,141.472000122,-32.0013999939
HTI,148.95199585,-20.3581008911
BEU,139.460006713867,-24.3460998535156
BQL,139.899993896484,-22.9132995605468
CNJ,140.503997803,-20.6686000823999
CMA,145.621994018554,-28.0300006866455
FLS,147.992996216,-40.0917015076
GET,114.707001,-28.796101
KWM,141.751007080078,-15.4856004714965
LDH,159.07699585,-31.5382995605
LSY,153.259994507,-28.8302993774
LRE,144.279998779,-23.4342002869
MIM,149.901000977,-36.9085998535
MQL,142.085998535,-34.2291984557999
MYA,150.143997192,-35.8978004456
MGB,140.785003662109,-37.7456016540527
PBO,117.745002747,-23.1711006165
CCK,96.8339004517,-12.1883001328
GOV,136.817993164,-12.2693996428999
PKE,148.238998413,-33.131401062
PQQ,152.863006592,-31.4358005524
SGO,148.595001220703,-28.0496997833251
XTG,143.811004638671,-27.986400604248
WNR,142.667007446289,-25.4130992889404
BWT,145.731002807617,-40.9989013671875
NAY,116.388000488281,39.7827987670898
HET,111.823997498,40.851398468
BAV,109.997001647949,40.560001373291
SJW,114.696998596191,38.2807006835937
TGO,122.199997,43.556702
HLH,122.008333,46.195333
XIL,115.963996887207,43.915599822998
BHY,109.293999,21.5394
DYG,110.443001,29.1028
ZUH,113.375999,22.006399
LZH,109.390999,24.2075
ZHA,110.358002,21.214399
NNY,112.614998,32.980801
XFN,112.291,32.1506
YIH,111.479988,30.55655
XNN,102.042999,36.5275
UYN,109.590927,38.35971
DIG,99.6772,27.7936
LUM,98.5317,24.4011
ZAT,103.754997253417,27.3255996704101
KOW,114.778889,25.853333
JDZ,117.176002502,29.3386001587
LYG,118.873611,34.571667
HYN,121.429000854492,28.5622005462646
LYI,118.412002563476,35.046100616455
JJN,118.589996,24.7964
TXN,118.255996704101,29.733299255371
WEF,119.119003,36.646702
WUX,120.429000854,31.4944000243999
WUS,118.000999,27.7019
WNZ,120.851997375488,27.9122009277343
YNZ,120.203056,33.425833
YIW,120.03199768100001,29.3446998596
HSN,122.361999512,29.9342002869
DAX,107.4295,31.1302
GYS,105.702003479003,32.3911018371582
LZO,105.392997741699,28.8521995544433
MIG,104.740997314453,31.4281005859375
LZY,94.3352966308593,29.3033008575439
WXN,108.433,30.8017
AKU,80.291702,41.262501
KCA,82.9869003295898,41.7181015014648
KRL,86.1288986206054,41.6977996826171
YIN,81.330299,43.955799
JMU,130.464996338,46.8433990478999
JNZ,121.06199645996,41.1013984680175
YNJ,129.451004028,42.8828010559
ORH,-71.8757019042968,42.2672996520996
AQG,117.050003,30.582199
SHP,119.731003,39.968102
YCU,111.031388889,35.116391
JGN,98.3414,39.856899
DSN,109.861388889,39.49
SBH,-62.8436012268066,17.9043998718261
ERM,-52.2682991027832,-27.6618995666503
QSF,5.32449007033999,36.1781005859
AZA,-111.6549988,33.30780029
AKP,-151.7429962,68.13359833
ATK,-157.436004638671,70.467300415039
MYU,-166.27099609375,60.3713989257812
RBY,-155.4700012,64.72720337
YPX,-77.2869033813476,60.0505981445312
YTQ,-69.9558029174804,58.6678009033203
QOW,7.20602989196777,5.4270601272583
PJA,23.068899154663,67.2455978393554
HMI,93.6691970825,42.8414001465
WUZ,111.248001,23.456699
GBT,54.4012985229,36.9094009398999
MQM,40.6316986084,37.2233009338
RGS,-3.62075996398925,42.3576011657714
LKH,114.782997131347,3.29999995231628
WLH,167.690994263,-15.4119997025
SKT,74.3638916016,32.5355567932
PDP,-55.0942993164062,-34.8550987243652
WVB,14.645299911499,-22.9799003601074
AOE,30.5194,39.809898
MSR,41.6612014770507,38.7477989196777
COQ,114.646003723144,48.13570022583
CPX,-65.304324,18.313289
IMT,-88.1145019531,45.8184013367
JNG,116.346667,35.292778
WUA,106.7993,39.7934
LWB,-80.3994979858,37.8582992554
NBC,52.0924987792968,55.5647010803222
STS,-122.8130035,38.50899887
GUC,-106.9329987,38.53390121
PGD,-81.9905014,26.920200350000002
JHW,-79.25800323,42.15340042
ALS,-105.866997,37.434898
UNK,-160.798996,63.88840103
SHX,-159.569000244,62.6922988892
KUK,-162.5240021,60.87440109
KWT,-161.444000244,60.7902984618999
RSH,-161.319458008,61.7788848877
VEE,-146.365997314,67.0086975098
WBQ,-147.406997681,66.362197876
CEM,-144.7830048,65.57379913
MCE,-120.5139999,37.28469849
HNH,-135.410111,58.0961
PIP,-157.572006226,57.5803985596
AKK,-154.182998657,56.9387016296
ABL,-157.856994629,67.106300354
BKC,-161.149002075,65.9815979004
OBU,-156.897003174,66.9123001099
WAA,-168.095,65.622593
KKA,-161.154006958,64.9394989014
SMK,-162.1100006,63.49010086
SCM,-165.570999146,61.8452987671
KKH,-162.880996704,59.9608001708999
IRC,-144.076008,65.830498
YSO,-59.78507,54.9105
YWB,-71.929397583,61.5886001587
OPS,-55.5861091613769,-11.8850002288818
BRA,-45.0089988708496,-12.0789003372192
AUX,-48.240501,-7.22787
JCB,-51.5532989502,-27.1714000702
MRE,35.008057,-1.4061110000000001
NJF,44.404317,31.989853
FUG,115.734364,32.882157
HJJ,109.7,27.4411111111
CKS,-50.0013885498,-6.11527776718
TJU,69.8050003051757,37.9880981445312
PVU,-111.72299957275,40.219200134277
AGM,-37.6183354855,65.6122960846999
ONQ,32.0886001587,41.506401062
NGQ,80.0530555556,32.1
UKA,39.5710983276367,-4.29333019256591
DWC,55.161389,24.896356
OOK,-165.0870056,60.54140091
ZKG,-61.2658004761,50.1958007812
BCV,-149.5070038,61.41650009
POJ,-46.4911994934082,-18.6728000640869
JTC,-49.0502866745,-22.1668591408999
ERN,-69.8797988891601,-6.63953018188476
OLC,-68.9204120636,-3.46792950765
LOP,116.276675,-8.757322
HDG,114.425555556,36.5258333333
WMI,20.6518001556,52.4510993958
JXA,131.193,45.293
EYK,66.698600769,63.6869010924999
UMD,-52.1116304397999,70.6804279261
RLK,107.7428,40.926
RGK,85.8332977295,51.9667015076
PDG,100.351997375,-0.874988973140999
LLF,111.610043,26.338661
YTY,119.7198,32.5634
RHD,-64.93595,-27.4966
ODO,114.242996216,57.8661003112999
HRI,81.124128,6.284467
BFJ,105.472097,27.267066
ULK,114.825996399,60.7206001282
GNY,38.8955917358398,37.4456634521484
YIC,114.3062,27.8025
GIU,80.7285003662,7.95666980743
CIY,14.607182,36.994601
OUZ,-12.4835996627807,22.756399154663
ZYI,107.0007,27.5895
BUW,122.56900024414,-5.48687982559204
BPL,82.3,44.895
